name,type1,type2,total,hp,attack,defense,spatk,spdef,speed,generation,legendary
bulbasaur,Grass,Poison,318,45,49,49,65,65,45,1,False
ivysaur,Grass,Poison,405,60,62,63,80,80,60,1,False
venusaur,Grass,Poison,525,80,82,83,100,100,80,1,False
mega venusaur,Grass,Poison,625,80,100,123,122,120,80,1,False
charmander,Fire,Fire,309,39,52,43,60,50,65,1,False
charmeleon,Fire,Fire,405,58,64,58,80,65,80,1,False
charizard,Fire,Flying,534,78,84,78,109,85,100,1,False
mega charizard x,Fire,Dragon,634,78,130,111,130,85,100,1,False
mega charizard y,Fire,Flying,634,78,104,78,159,115,100,1,False
squirtle,Water,Water,314,44,48,65,50,64,43,1,False
wartortle,Water,Water,405,59,63,80,65,80,58,1,False
blastoise,Water,Water,530,79,83,100,85,105,78,1,False
mega blastoise,Water,Water,630,79,103,120,135,115,78,1,False
caterpie,Bug,Bug,195,45,30,35,20,20,45,1,False
metapod,Bug,Bug,205,50,20,55,25,25,30,1,False
butterfree,Bug,Flying,395,60,45,50,90,80,70,1,False
weedle,Bug,Poison,195,40,35,30,20,20,50,1,False
kakuna,Bug,Poison,205,45,25,50,25,25,35,1,False
beedrill,Bug,Poison,395,65,90,40,45,80,75,1,False
mega beedrill,Bug,Poison,495,65,150,40,15,80,145,1,False
pidgey,Normal,Flying,251,40,45,40,35,35,56,1,False
pidgeotto,Normal,Flying,349,63,60,55,50,50,71,1,False
pidgeot,Normal,Flying,479,83,80,75,70,70,101,1,False
mega pidgeot,Normal,Flying,579,83,80,80,135,80,121,1,False
rattata,Normal,Normal,253,30,56,35,25,35,72,1,False
raticate,Normal,Normal,413,55,81,60,50,70,97,1,False
spearow,Normal,Flying,262,40,60,30,31,31,70,1,False
fearow,Normal,Flying,442,65,90,65,61,61,100,1,False
ekans,Poison,Poison,288,35,60,44,40,54,55,1,False
arbok,Poison,Poison,438,60,85,69,65,79,80,1,False
pikachu,Electric,Electric,320,35,55,40,50,50,90,1,False
raichu,Electric,Electric,485,60,90,55,90,80,110,1,False
sandshrew,Ground,Ground,300,50,75,85,20,30,40,1,False
sandslash,Ground,Ground,450,75,100,110,45,55,65,1,False
nidoran♀,Poison,Poison,275,55,47,52,40,40,41,1,False
nidorina,Poison,Poison,365,70,62,67,55,55,56,1,False
nidoqueen,Poison,Ground,505,90,92,87,75,85,76,1,False
nidoran♂,Poison,Poison,273,46,57,40,40,40,50,1,False
nidorino,Poison,Poison,365,61,72,57,55,55,65,1,False
nidoking,Poison,Ground,505,81,102,77,85,75,85,1,False
clefairy,Fairy,Fairy,323,70,45,48,60,65,35,1,False
clefable,Fairy,Fairy,483,95,70,73,95,90,60,1,False
vulpix,Fire,Fire,299,38,41,40,50,65,65,1,False
ninetales,Fire,Fire,505,73,76,75,81,100,100,1,False
jigglypuff,Normal,Fairy,270,115,45,20,45,25,20,1,False
wigglytuff,Normal,Fairy,435,140,70,45,85,50,45,1,False
zubat,Poison,Flying,245,40,45,35,30,40,55,1,False
golbat,Poison,Flying,455,75,80,70,65,75,90,1,False
oddish,Grass,Poison,320,45,50,55,75,65,30,1,False
gloom,Grass,Poison,395,60,65,70,85,75,40,1,False
vileplume,Grass,Poison,490,75,80,85,110,90,50,1,False
paras,Bug,Grass,285,35,70,55,45,55,25,1,False
parasect,Bug,Grass,405,60,95,80,60,80,30,1,False
venonat,Bug,Poison,305,60,55,50,40,55,45,1,False
venomoth,Bug,Poison,450,70,65,60,90,75,90,1,False
diglett,Ground,Ground,265,10,55,25,35,45,95,1,False
dugtrio,Ground,Ground,405,35,80,50,50,70,120,1,False
meowth,Normal,Normal,290,40,45,35,40,40,90,1,False
persian,Normal,Normal,440,65,70,60,65,65,115,1,False
psyduck,Water,Water,320,50,52,48,65,50,55,1,False
golduck,Water,Water,500,80,82,78,95,80,85,1,False
mankey,Fighting,Fighting,305,40,80,35,35,45,70,1,False
primeape,Fighting,Fighting,455,65,105,60,60,70,95,1,False
growlithe,Fire,Fire,350,55,70,45,70,50,60,1,False
arcanine,Fire,Fire,555,90,110,80,100,80,95,1,False
poliwag,Water,Water,300,40,50,40,40,40,90,1,False
poliwhirl,Water,Water,385,65,65,65,50,50,90,1,False
poliwrath,Water,Fighting,510,90,95,95,70,90,70,1,False
abra,Psychic,Psychic,310,25,20,15,105,55,90,1,False
kadabra,Psychic,Psychic,400,40,35,30,120,70,105,1,False
alakazam,Psychic,Psychic,500,55,50,45,135,95,120,1,False
mega alakazam,Psychic,Psychic,590,55,50,65,175,95,150,1,False
machop,Fighting,Fighting,305,70,80,50,35,35,35,1,False
machoke,Fighting,Fighting,405,80,100,70,50,60,45,1,False
machamp,Fighting,Fighting,505,90,130,80,65,85,55,1,False
bellsprout,Grass,Poison,300,50,75,35,70,30,40,1,False
weepinbell,Grass,Poison,390,65,90,50,85,45,55,1,False
victreebel,Grass,Poison,490,80,105,65,100,70,70,1,False
tentacool,Water,Poison,335,40,40,35,50,100,70,1,False
tentacruel,Water,Poison,515,80,70,65,80,120,100,1,False
geodude,Rock,Ground,300,40,80,100,30,30,20,1,False
graveler,Rock,Ground,390,55,95,115,45,45,35,1,False
golem,Rock,Ground,495,80,120,130,55,65,45,1,False
ponyta,Fire,Fire,410,50,85,55,65,65,90,1,False
rapidash,Fire,Fire,500,65,100,70,80,80,105,1,False
slowpoke,Water,Psychic,315,90,65,65,40,40,15,1,False
slowbro,Water,Psychic,490,95,75,110,100,80,30,1,False
mega slowbro,Water,Psychic,590,95,75,180,130,80,30,1,False
magnemite,Electric,Steel,325,25,35,70,95,55,45,1,False
magneton,Electric,Steel,465,50,60,95,120,70,70,1,False
farfetch'd,Normal,Flying,352,52,65,55,58,62,60,1,False
doduo,Normal,Flying,310,35,85,45,35,35,75,1,False
dodrio,Normal,Flying,460,60,110,70,60,60,100,1,False
seel,Water,Water,325,65,45,55,45,70,45,1,False
dewgong,Water,Ice,475,90,70,80,70,95,70,1,False
grimer,Poison,Poison,325,80,80,50,40,50,25,1,False
muk,Poison,Poison,500,105,105,75,65,100,50,1,False
shellder,Water,Water,305,30,65,100,45,25,40,1,False
cloyster,Water,Ice,525,50,95,180,85,45,70,1,False
gastly,Ghost,Poison,310,30,35,30,100,35,80,1,False
haunter,Ghost,Poison,405,45,50,45,115,55,95,1,False
gengar,Ghost,Poison,500,60,65,60,130,75,110,1,False
mega gengar,Ghost,Poison,600,60,65,80,170,95,130,1,False
onix,Rock,Ground,385,35,45,160,30,45,70,1,False
drowzee,Psychic,Psychic,328,60,48,45,43,90,42,1,False
hypno,Psychic,Psychic,483,85,73,70,73,115,67,1,False
krabby,Water,Water,325,30,105,90,25,25,50,1,False
kingler,Water,Water,475,55,130,115,50,50,75,1,False
voltorb,Electric,Electric,330,40,30,50,55,55,100,1,False
electrode,Electric,Electric,480,60,50,70,80,80,140,1,False
exeggcute,Grass,Psychic,325,60,40,80,60,45,40,1,False
exeggutor,Grass,Psychic,520,95,95,85,125,65,55,1,False
cubone,Ground,Ground,320,50,50,95,40,50,35,1,False
marowak,Ground,Ground,425,60,80,110,50,80,45,1,False
hitmonlee,Fighting,Fighting,455,50,120,53,35,110,87,1,False
hitmonchan,Fighting,Fighting,455,50,105,79,35,110,76,1,False
lickitung,Normal,Normal,385,90,55,75,60,75,30,1,False
koffing,Poison,Poison,340,40,65,95,60,45,35,1,False
weezing,Poison,Poison,490,65,90,120,85,70,60,1,False
rhyhorn,Ground,Rock,345,80,85,95,30,30,25,1,False
rhydon,Ground,Rock,485,105,130,120,45,45,40,1,False
chansey,Normal,Normal,450,250,5,5,35,105,50,1,False
tangela,Grass,Grass,435,65,55,115,100,40,60,1,False
kangaskhan,Normal,Normal,490,105,95,80,40,80,90,1,False
mega kangaskhan,Normal,Normal,590,105,125,100,60,100,100,1,False
horsea,Water,Water,295,30,40,70,70,25,60,1,False
seadra,Water,Water,440,55,65,95,95,45,85,1,False
goldeen,Water,Water,320,45,67,60,35,50,63,1,False
seaking,Water,Water,450,80,92,65,65,80,68,1,False
staryu,Water,Water,340,30,45,55,70,55,85,1,False
starmie,Water,Psychic,520,60,75,85,100,85,115,1,False
mr. mime,Psychic,Fairy,460,40,45,65,100,120,90,1,False
scyther,Bug,Flying,500,70,110,80,55,80,105,1,False
jynx,Ice,Psychic,455,65,50,35,115,95,95,1,False
electabuzz,Electric,Electric,490,65,83,57,95,85,105,1,False
magmar,Fire,Fire,495,65,95,57,100,85,93,1,False
pinsir,Bug,Bug,500,65,125,100,55,70,85,1,False
mega pinsir,Bug,Flying,600,65,155,120,65,90,105,1,False
tauros,Normal,Normal,490,75,100,95,40,70,110,1,False
magikarp,Water,Water,200,20,10,55,15,20,80,1,False
gyarados,Water,Flying,540,95,125,79,60,100,81,1,False
mega gyarados,Water,Dark,640,95,155,109,70,130,81,1,False
lapras,Water,Ice,535,130,85,80,85,95,60,1,False
ditto,Normal,Normal,288,48,48,48,48,48,48,1,False
eevee,Normal,Normal,325,55,55,50,45,65,55,1,False
vaporeon,Water,Water,525,130,65,60,110,95,65,1,False
jolteon,Electric,Electric,525,65,65,60,110,95,130,1,False
flareon,Fire,Fire,525,65,130,60,95,110,65,1,False
porygon,Normal,Normal,395,65,60,70,85,75,40,1,False
omanyte,Rock,Water,355,35,40,100,90,55,35,1,False
omastar,Rock,Water,495,70,60,125,115,70,55,1,False
kabuto,Rock,Water,355,30,80,90,55,45,55,1,False
kabutops,Rock,Water,495,60,115,105,65,70,80,1,False
aerodactyl,Rock,Flying,515,80,105,65,60,75,130,1,False
mega aerodactyl,Rock,Flying,615,80,135,85,70,95,150,1,False
snorlax,Normal,Normal,540,160,110,65,65,110,30,1,False
articuno,Ice,Flying,580,90,85,100,95,125,85,1,True
zapdos,Electric,Flying,580,90,90,85,125,90,100,1,True
moltres,Fire,Flying,580,90,100,90,125,85,90,1,True
dratini,Dragon,Dragon,300,41,64,45,50,50,50,1,False
dragonair,Dragon,Dragon,420,61,84,65,70,70,70,1,False
dragonite,Dragon,Flying,600,91,134,95,100,100,80,1,False
mewtwo,Psychic,Psychic,680,106,110,90,154,90,130,1,True
mega mewtwo x,Psychic,Fighting,780,106,190,100,154,100,130,1,True
mega mewtwo y,Psychic,Psychic,780,106,150,70,194,120,140,1,True
mew,Psychic,Psychic,600,100,100,100,100,100,100,1,True
chikorita,Grass,Grass,318,45,49,65,49,65,45,2,False
bayleef,Grass,Grass,405,60,62,80,63,80,60,2,False
meganium,Grass,Grass,525,80,82,100,83,100,80,2,False
cyndaquil,Fire,Fire,309,39,52,43,60,50,65,2,False
quilava,Fire,Fire,405,58,64,58,80,65,80,2,False
typhlosion,Fire,Fire,534,78,84,78,109,85,100,2,False
totodile,Water,Water,314,50,65,64,44,48,43,2,False
croconaw,Water,Water,405,65,80,80,59,63,58,2,False
feraligatr,Water,Water,530,85,105,100,79,83,78,2,False
sentret,Normal,Normal,215,35,46,34,35,45,20,2,False
furret,Normal,Normal,415,85,76,64,45,55,90,2,False
hoothoot,Normal,Flying,262,60,30,30,36,56,50,2,False
noctowl,Normal,Flying,442,100,50,50,76,96,70,2,False
ledyba,Bug,Flying,265,40,20,30,40,80,55,2,False
ledian,Bug,Flying,390,55,35,50,55,110,85,2,False
spinarak,Bug,Poison,250,40,60,40,40,40,30,2,False
ariados,Bug,Poison,390,70,90,70,60,60,40,2,False
crobat,Poison,Flying,535,85,90,80,70,80,130,2,False
chinchou,Water,Electric,330,75,38,38,56,56,67,2,False
lanturn,Water,Electric,460,125,58,58,76,76,67,2,False
pichu,Electric,Electric,205,20,40,15,35,35,60,2,False
cleffa,Fairy,Fairy,218,50,25,28,45,55,15,2,False
igglybuff,Normal,Fairy,210,90,30,15,40,20,15,2,False
togepi,Fairy,Fairy,245,35,20,65,40,65,20,2,False
togetic,Fairy,Flying,405,55,40,85,80,105,40,2,False
natu,Psychic,Flying,320,40,50,45,70,45,70,2,False
xatu,Psychic,Flying,470,65,75,70,95,70,95,2,False
mareep,Electric,Electric,280,55,40,40,65,45,35,2,False
flaaffy,Electric,Electric,365,70,55,55,80,60,45,2,False
ampharos,Electric,Electric,510,90,75,85,115,90,55,2,False
mega ampharos,Electric,Dragon,610,90,95,105,165,110,45,2,False
bellossom,Grass,Grass,490,75,80,95,90,100,50,2,False
marill,Water,Fairy,250,70,20,50,20,50,40,2,False
azumarill,Water,Fairy,420,100,50,80,60,80,50,2,False
sudowoodo,Rock,Rock,410,70,100,115,30,65,30,2,False
politoed,Water,Water,500,90,75,75,90,100,70,2,False
hoppip,Grass,Flying,250,35,35,40,35,55,50,2,False
skiploom,Grass,Flying,340,55,45,50,45,65,80,2,False
jumpluff,Grass,Flying,460,75,55,70,55,95,110,2,False
aipom,Normal,Normal,360,55,70,55,40,55,85,2,False
sunkern,Grass,Grass,180,30,30,30,30,30,30,2,False
sunflora,Grass,Grass,425,75,75,55,105,85,30,2,False
yanma,Bug,Flying,390,65,65,45,75,45,95,2,False
wooper,Water,Ground,210,55,45,45,25,25,15,2,False
quagsire,Water,Ground,430,95,85,85,65,65,35,2,False
espeon,Psychic,Psychic,525,65,65,60,130,95,110,2,False
umbreon,Dark,Dark,525,95,65,110,60,130,65,2,False
murkrow,Dark,Flying,405,60,85,42,85,42,91,2,False
slowking,Water,Psychic,490,95,75,80,100,110,30,2,False
misdreavus,Ghost,Ghost,435,60,60,60,85,85,85,2,False
unown,Psychic,Psychic,336,48,72,48,72,48,48,2,False
wobbuffet,Psychic,Psychic,405,190,33,58,33,58,33,2,False
girafarig,Normal,Psychic,455,70,80,65,90,65,85,2,False
pineco,Bug,Bug,290,50,65,90,35,35,15,2,False
forretress,Bug,Steel,465,75,90,140,60,60,40,2,False
dunsparce,Normal,Normal,415,100,70,70,65,65,45,2,False
gligar,Ground,Flying,430,65,75,105,35,65,85,2,False
steelix,Steel,Ground,510,75,85,200,55,65,30,2,False
mega steelix,Steel,Ground,610,75,125,230,55,95,30,2,False
snubbull,Fairy,Fairy,300,60,80,50,40,40,30,2,False
granbull,Fairy,Fairy,450,90,120,75,60,60,45,2,False
qwilfish,Water,Poison,430,65,95,75,55,55,85,2,False
scizor,Bug,Steel,500,70,130,100,55,80,65,2,False
mega scizor,Bug,Steel,600,70,150,140,65,100,75,2,False
shuckle,Bug,Rock,505,20,10,230,10,230,5,2,False
heracross,Bug,Fighting,500,80,125,75,40,95,85,2,False
mega heracross,Bug,Fighting,600,80,185,115,40,105,75,2,False
sneasel,Dark,Ice,430,55,95,55,35,75,115,2,False
teddiursa,Normal,Normal,330,60,80,50,50,50,40,2,False
ursaring,Normal,Normal,500,90,130,75,75,75,55,2,False
slugma,Fire,Fire,250,40,40,40,70,40,20,2,False
magcargo,Fire,Rock,410,50,50,120,80,80,30,2,False
swinub,Ice,Ground,250,50,50,40,30,30,50,2,False
piloswine,Ice,Ground,450,100,100,80,60,60,50,2,False
corsola,Water,Rock,380,55,55,85,65,85,35,2,False
remoraid,Water,Water,300,35,65,35,65,35,65,2,False
octillery,Water,Water,480,75,105,75,105,75,45,2,False
delibird,Ice,Flying,330,45,55,45,65,45,75,2,False
mantine,Water,Flying,465,65,40,70,80,140,70,2,False
skarmory,Steel,Flying,465,65,80,140,40,70,70,2,False
houndour,Dark,Fire,330,45,60,30,80,50,65,2,False
houndoom,Dark,Fire,500,75,90,50,110,80,95,2,False
mega houndoom,Dark,Fire,600,75,90,90,140,90,115,2,False
kingdra,Water,Dragon,540,75,95,95,95,95,85,2,False
phanpy,Ground,Ground,330,90,60,60,40,40,40,2,False
donphan,Ground,Ground,500,90,120,120,60,60,50,2,False
porygon2,Normal,Normal,515,85,80,90,105,95,60,2,False
stantler,Normal,Normal,465,73,95,62,85,65,85,2,False
smeargle,Normal,Normal,250,55,20,35,20,45,75,2,False
tyrogue,Fighting,Fighting,210,35,35,35,35,35,35,2,False
hitmontop,Fighting,Fighting,455,50,95,95,35,110,70,2,False
smoochum,Ice,Psychic,305,45,30,15,85,65,65,2,False
elekid,Electric,Electric,360,45,63,37,65,55,95,2,False
magby,Fire,Fire,365,45,75,37,70,55,83,2,False
miltank,Normal,Normal,490,95,80,105,40,70,100,2,False
blissey,Normal,Normal,540,255,10,10,75,135,55,2,False
raikou,Electric,Electric,580,90,85,75,115,100,115,2,True
entei,Fire,Fire,580,115,115,85,90,75,100,2,True
suicune,Water,Water,580,100,75,115,90,115,85,2,True
larvitar,Rock,Ground,300,50,64,50,45,50,41,2,False
pupitar,Rock,Ground,410,70,84,70,65,70,51,2,False
tyranitar,Rock,Dark,600,100,134,110,95,100,61,2,False
mega tyranitar,Rock,Dark,700,100,164,150,95,120,71,2,False
lugia,Psychic,Flying,680,106,90,130,90,154,110,2,True
ho-oh,Fire,Flying,680,106,130,90,110,154,90,2,True
celebi,Psychic,Grass,600,100,100,100,100,100,100,2,True
treecko,Grass,Grass,310,40,45,35,65,55,70,3,False
grovyle,Grass,Grass,405,50,65,45,85,65,95,3,False
sceptile,Grass,Grass,530,70,85,65,105,85,120,3,False
mega sceptile,Grass,Dragon,630,70,110,75,145,85,145,3,False
torchic,Fire,Fire,310,45,60,40,70,50,45,3,False
combusken,Fire,Fighting,405,60,85,60,85,60,55,3,False
blaziken,Fire,Fighting,530,80,120,70,110,70,80,3,False
mega blaziken,Fire,Fighting,630,80,160,80,130,80,100,3,False
mudkip,Water,Water,310,50,70,50,50,50,40,3,False
marshtomp,Water,Ground,405,70,85,70,60,70,50,3,False
swampert,Water,Ground,535,100,110,90,85,90,60,3,False
mega swampert,Water,Ground,635,100,150,110,95,110,70,3,False
poochyena,Dark,Dark,220,35,55,35,30,30,35,3,False
mightyena,Dark,Dark,420,70,90,70,60,60,70,3,False
zigzagoon,Normal,Normal,240,38,30,41,30,41,60,3,False
linoone,Normal,Normal,420,78,70,61,50,61,100,3,False
wurmple,Bug,Bug,195,45,45,35,20,30,20,3,False
silcoon,Bug,Bug,205,50,35,55,25,25,15,3,False
beautifly,Bug,Flying,395,60,70,50,100,50,65,3,False
cascoon,Bug,Bug,205,50,35,55,25,25,15,3,False
dustox,Bug,Poison,385,60,50,70,50,90,65,3,False
lotad,Water,Grass,220,40,30,30,40,50,30,3,False
lombre,Water,Grass,340,60,50,50,60,70,50,3,False
ludicolo,Water,Grass,480,80,70,70,90,100,70,3,False
seedot,Grass,Grass,220,40,40,50,30,30,30,3,False
nuzleaf,Grass,Dark,340,70,70,40,60,40,60,3,False
shiftry,Grass,Dark,480,90,100,60,90,60,80,3,False
taillow,Normal,Flying,270,40,55,30,30,30,85,3,False
swellow,Normal,Flying,430,60,85,60,50,50,125,3,False
wingull,Water,Flying,270,40,30,30,55,30,85,3,False
pelipper,Water,Flying,430,60,50,100,85,70,65,3,False
ralts,Psychic,Fairy,198,28,25,25,45,35,40,3,False
kirlia,Psychic,Fairy,278,38,35,35,65,55,50,3,False
gardevoir,Psychic,Fairy,518,68,65,65,125,115,80,3,False
mega gardevoir,Psychic,Fairy,618,68,85,65,165,135,100,3,False
surskit,Bug,Water,269,40,30,32,50,52,65,3,False
masquerain,Bug,Flying,414,70,60,62,80,82,60,3,False
shroomish,Grass,Grass,295,60,40,60,40,60,35,3,False
breloom,Grass,Fighting,460,60,130,80,60,60,70,3,False
slakoth,Normal,Normal,280,60,60,60,35,35,30,3,False
vigoroth,Normal,Normal,440,80,80,80,55,55,90,3,False
slaking,Normal,Normal,670,150,160,100,95,65,100,3,False
nincada,Bug,Ground,266,31,45,90,30,30,40,3,False
ninjask,Bug,Flying,456,61,90,45,50,50,160,3,False
shedinja,Bug,Ghost,236,1,90,45,30,30,40,3,False
whismur,Normal,Normal,240,64,51,23,51,23,28,3,False
loudred,Normal,Normal,360,84,71,43,71,43,48,3,False
exploud,Normal,Normal,490,104,91,63,91,73,68,3,False
makuhita,Fighting,Fighting,237,72,60,30,20,30,25,3,False
hariyama,Fighting,Fighting,474,144,120,60,40,60,50,3,False
azurill,Normal,Fairy,190,50,20,40,20,40,20,3,False
nosepass,Rock,Rock,375,30,45,135,45,90,30,3,False
skitty,Normal,Normal,260,50,45,45,35,35,50,3,False
delcatty,Normal,Normal,380,70,65,65,55,55,70,3,False
sableye,Dark,Ghost,380,50,75,75,65,65,50,3,False
mega sableye,Dark,Ghost,480,50,85,125,85,115,20,3,False
mawile,Steel,Fairy,380,50,85,85,55,55,50,3,False
mega mawile,Steel,Fairy,480,50,105,125,55,95,50,3,False
aron,Steel,Rock,330,50,70,100,40,40,30,3,False
lairon,Steel,Rock,430,60,90,140,50,50,40,3,False
aggron,Steel,Rock,530,70,110,180,60,60,50,3,False
mega aggron,Steel,Steel,630,70,140,230,60,80,50,3,False
meditite,Fighting,Psychic,280,30,40,55,40,55,60,3,False
medicham,Fighting,Psychic,410,60,60,75,60,75,80,3,False
mega medicham,Fighting,Psychic,510,60,100,85,80,85,100,3,False
electrike,Electric,Electric,295,40,45,40,65,40,65,3,False
manectric,Electric,Electric,475,70,75,60,105,60,105,3,False
mega manectric,Electric,Electric,575,70,75,80,135,80,135,3,False
plusle,Electric,Electric,405,60,50,40,85,75,95,3,False
minun,Electric,Electric,405,60,40,50,75,85,95,3,False
volbeat,Bug,Bug,400,65,73,55,47,75,85,3,False
illumise,Bug,Bug,400,65,47,55,73,75,85,3,False
roselia,Grass,Poison,400,50,60,45,100,80,65,3,False
gulpin,Poison,Poison,302,70,43,53,43,53,40,3,False
swalot,Poison,Poison,467,100,73,83,73,83,55,3,False
carvanha,Water,Dark,305,45,90,20,65,20,65,3,False
sharpedo,Water,Dark,460,70,120,40,95,40,95,3,False
mega sharpedo,Water,Dark,560,70,140,70,110,65,105,3,False
wailmer,Water,Water,400,130,70,35,70,35,60,3,False
wailord,Water,Water,500,170,90,45,90,45,60,3,False
numel,Fire,Ground,305,60,60,40,65,45,35,3,False
camerupt,Fire,Ground,460,70,100,70,105,75,40,3,False
mega camerupt,Fire,Ground,560,70,120,100,145,105,20,3,False
torkoal,Fire,Fire,470,70,85,140,85,70,20,3,False
spoink,Psychic,Psychic,330,60,25,35,70,80,60,3,False
grumpig,Psychic,Psychic,470,80,45,65,90,110,80,3,False
spinda,Normal,Normal,360,60,60,60,60,60,60,3,False
trapinch,Ground,Ground,290,45,100,45,45,45,10,3,False
vibrava,Ground,Dragon,340,50,70,50,50,50,70,3,False
flygon,Ground,Dragon,520,80,100,80,80,80,100,3,False
cacnea,Grass,Grass,335,50,85,40,85,40,35,3,False
cacturne,Grass,Dark,475,70,115,60,115,60,55,3,False
swablu,Normal,Flying,310,45,40,60,40,75,50,3,False
altaria,Dragon,Flying,490,75,70,90,70,105,80,3,False
mega altaria,Dragon,Fairy,590,75,110,110,110,105,80,3,False
zangoose,Normal,Normal,458,73,115,60,60,60,90,3,False
seviper,Poison,Poison,458,73,100,60,100,60,65,3,False
lunatone,Rock,Psychic,440,70,55,65,95,85,70,3,False
solrock,Rock,Psychic,440,70,95,85,55,65,70,3,False
barboach,Water,Ground,288,50,48,43,46,41,60,3,False
whiscash,Water,Ground,468,110,78,73,76,71,60,3,False
corphish,Water,Water,308,43,80,65,50,35,35,3,False
crawdaunt,Water,Dark,468,63,120,85,90,55,55,3,False
baltoy,Ground,Psychic,300,40,40,55,40,70,55,3,False
claydol,Ground,Psychic,500,60,70,105,70,120,75,3,False
lileep,Rock,Grass,355,66,41,77,61,87,23,3,False
cradily,Rock,Grass,495,86,81,97,81,107,43,3,False
anorith,Rock,Bug,355,45,95,50,40,50,75,3,False
armaldo,Rock,Bug,495,75,125,100,70,80,45,3,False
feebas,Water,Water,200,20,15,20,10,55,80,3,False
milotic,Water,Water,540,95,60,79,100,125,81,3,False
castform,Normal,Normal,420,70,70,70,70,70,70,3,False
kecleon,Normal,Normal,440,60,90,70,60,120,40,3,False
shuppet,Ghost,Ghost,295,44,75,35,63,33,45,3,False
banette,Ghost,Ghost,455,64,115,65,83,63,65,3,False
mega banette,Ghost,Ghost,555,64,165,75,93,83,75,3,False
duskull,Ghost,Ghost,295,20,40,90,30,90,25,3,False
dusclops,Ghost,Ghost,455,40,70,130,60,130,25,3,False
tropius,Grass,Flying,460,99,68,83,72,87,51,3,False
chimecho,Psychic,Psychic,425,65,50,70,95,80,65,3,False
absol,Dark,Dark,465,65,130,60,75,60,75,3,False
mega absol,Dark,Dark,565,65,150,60,115,60,115,3,False
wynaut,Psychic,Psychic,260,95,23,48,23,48,23,3,False
snorunt,Ice,Ice,300,50,50,50,50,50,50,3,False
glalie,Ice,Ice,480,80,80,80,80,80,80,3,False
mega glalie,Ice,Ice,580,80,120,80,120,80,100,3,False
spheal,Ice,Water,290,70,40,50,55,50,25,3,False
sealeo,Ice,Water,410,90,60,70,75,70,45,3,False
walrein,Ice,Water,530,110,80,90,95,90,65,3,False
clamperl,Water,Water,345,35,64,85,74,55,32,3,False
huntail,Water,Water,485,55,104,105,94,75,52,3,False
gorebyss,Water,Water,485,55,84,105,114,75,52,3,False
relicanth,Water,Rock,485,100,90,130,45,65,55,3,False
luvdisc,Water,Water,330,43,30,55,40,65,97,3,False
bagon,Dragon,Dragon,300,45,75,60,40,30,50,3,False
shelgon,Dragon,Dragon,420,65,95,100,60,50,50,3,False
salamence,Dragon,Flying,600,95,135,80,110,80,100,3,False
mega salamence,Dragon,Flying,700,95,145,130,120,90,120,3,False
beldum,Steel,Psychic,300,40,55,80,35,60,30,3,False
metang,Steel,Psychic,420,60,75,100,55,80,50,3,False
metagross,Steel,Psychic,600,80,135,130,95,90,70,3,False
mega metagross,Steel,Psychic,700,80,145,150,105,110,110,3,False
regirock,Rock,Rock,580,80,100,200,50,100,50,3,True
regice,Ice,Ice,580,80,50,100,100,200,50,3,True
registeel,Steel,Steel,580,80,75,150,75,150,50,3,True
latias,Dragon,Psychic,600,80,80,90,110,130,110,3,True
mega latias,Dragon,Psychic,700,80,100,120,140,150,110,3,True
latios,Dragon,Psychic,600,80,90,80,130,110,110,3,True
mega latios,Dragon,Psychic,700,80,130,100,160,120,110,3,True
kyogre,Water,Water,670,100,100,90,150,140,90,3,True
kyogreprimal kyogre,Water,Water,770,100,150,90,180,160,90,3,True
groudon,Ground,Ground,670,100,150,140,100,90,90,3,True
groudonprimal groudon,Ground,Fire,770,100,180,160,150,90,90,3,True
rayquaza,Dragon,Flying,680,105,150,90,150,90,95,3,True
mega rayquaza,Dragon,Flying,780,105,180,100,180,100,115,3,True
jirachi,Steel,Psychic,600,100,100,100,100,100,100,3,True
deoxysnormal forme,Psychic,Psychic,600,50,150,50,150,50,150,3,True
deoxysattack forme,Psychic,Psychic,600,50,180,20,180,20,150,3,True
deoxysdefense forme,Psychic,Psychic,600,50,70,160,70,160,90,3,True
deoxysspeed forme,Psychic,Psychic,600,50,95,90,95,90,180,3,True
turtwig,Grass,Grass,318,55,68,64,45,55,31,4,False
grotle,Grass,Grass,405,75,89,85,55,65,36,4,False
torterra,Grass,Ground,525,95,109,105,75,85,56,4,False
chimchar,Fire,Fire,309,44,58,44,58,44,61,4,False
monferno,Fire,Fighting,405,64,78,52,78,52,81,4,False
infernape,Fire,Fighting,534,76,104,71,104,71,108,4,False
piplup,Water,Water,314,53,51,53,61,56,40,4,False
prinplup,Water,Water,405,64,66,68,81,76,50,4,False
empoleon,Water,Steel,530,84,86,88,111,101,60,4,False
starly,Normal,Flying,245,40,55,30,30,30,60,4,False
staravia,Normal,Flying,340,55,75,50,40,40,80,4,False
staraptor,Normal,Flying,485,85,120,70,50,60,100,4,False
bidoof,Normal,Normal,250,59,45,40,35,40,31,4,False
bibarel,Normal,Water,410,79,85,60,55,60,71,4,False
kricketot,Bug,Bug,194,37,25,41,25,41,25,4,False
kricketune,Bug,Bug,384,77,85,51,55,51,65,4,False
shinx,Electric,Electric,263,45,65,34,40,34,45,4,False
luxio,Electric,Electric,363,60,85,49,60,49,60,4,False
luxray,Electric,Electric,523,80,120,79,95,79,70,4,False
budew,Grass,Poison,280,40,30,35,50,70,55,4,False
roserade,Grass,Poison,515,60,70,65,125,105,90,4,False
cranidos,Rock,Rock,350,67,125,40,30,30,58,4,False
rampardos,Rock,Rock,495,97,165,60,65,50,58,4,False
shieldon,Rock,Steel,350,30,42,118,42,88,30,4,False
bastiodon,Rock,Steel,495,60,52,168,47,138,30,4,False
burmy,Bug,Bug,224,40,29,45,29,45,36,4,False
wormadamplant cloak,Bug,Grass,424,60,59,85,79,105,36,4,False
wormadamsandy cloak,Bug,Ground,424,60,79,105,59,85,36,4,False
wormadamtrash cloak,Bug,Steel,424,60,69,95,69,95,36,4,False
mothim,Bug,Flying,424,70,94,50,94,50,66,4,False
combee,Bug,Flying,244,30,30,42,30,42,70,4,False
vespiquen,Bug,Flying,474,70,80,102,80,102,40,4,False
pachirisu,Electric,Electric,405,60,45,70,45,90,95,4,False
buizel,Water,Water,330,55,65,35,60,30,85,4,False
floatzel,Water,Water,495,85,105,55,85,50,115,4,False
cherubi,Grass,Grass,275,45,35,45,62,53,35,4,False
cherrim,Grass,Grass,450,70,60,70,87,78,85,4,False
shellos,Water,Water,325,76,48,48,57,62,34,4,False
gastrodon,Water,Ground,475,111,83,68,92,82,39,4,False
ambipom,Normal,Normal,482,75,100,66,60,66,115,4,False
drifloon,Ghost,Flying,348,90,50,34,60,44,70,4,False
drifblim,Ghost,Flying,498,150,80,44,90,54,80,4,False
buneary,Normal,Normal,350,55,66,44,44,56,85,4,False
lopunny,Normal,Normal,480,65,76,84,54,96,105,4,False
mega lopunny,Normal,Fighting,580,65,136,94,54,96,135,4,False
mismagius,Ghost,Ghost,495,60,60,60,105,105,105,4,False
honchkrow,Dark,Flying,505,100,125,52,105,52,71,4,False
glameow,Normal,Normal,310,49,55,42,42,37,85,4,False
purugly,Normal,Normal,452,71,82,64,64,59,112,4,False
chingling,Psychic,Psychic,285,45,30,50,65,50,45,4,False
stunky,Poison,Dark,329,63,63,47,41,41,74,4,False
skuntank,Poison,Dark,479,103,93,67,71,61,84,4,False
bronzor,Steel,Psychic,300,57,24,86,24,86,23,4,False
bronzong,Steel,Psychic,500,67,89,116,79,116,33,4,False
bonsly,Rock,Rock,290,50,80,95,10,45,10,4,False
mime jr.,Psychic,Fairy,310,20,25,45,70,90,60,4,False
happiny,Normal,Normal,220,100,5,5,15,65,30,4,False
chatot,Normal,Flying,411,76,65,45,92,42,91,4,False
spiritomb,Ghost,Dark,485,50,92,108,92,108,35,4,False
gible,Dragon,Ground,300,58,70,45,40,45,42,4,False
gabite,Dragon,Ground,410,68,90,65,50,55,82,4,False
garchomp,Dragon,Ground,600,108,130,95,80,85,102,4,False
mega garchomp,Dragon,Ground,700,108,170,115,120,95,92,4,False
munchlax,Normal,Normal,390,135,85,40,40,85,5,4,False
riolu,Fighting,Fighting,285,40,70,40,35,40,60,4,False
lucario,Fighting,Steel,525,70,110,70,115,70,90,4,False
mega lucario,Fighting,Steel,625,70,145,88,140,70,112,4,False
hippopotas,Ground,Ground,330,68,72,78,38,42,32,4,False
hippowdon,Ground,Ground,525,108,112,118,68,72,47,4,False
skorupi,Poison,Bug,330,40,50,90,30,55,65,4,False
drapion,Poison,Dark,500,70,90,110,60,75,95,4,False
croagunk,Poison,Fighting,300,48,61,40,61,40,50,4,False
toxicroak,Poison,Fighting,490,83,106,65,86,65,85,4,False
carnivine,Grass,Grass,454,74,100,72,90,72,46,4,False
finneon,Water,Water,330,49,49,56,49,61,66,4,False
lumineon,Water,Water,460,69,69,76,69,86,91,4,False
mantyke,Water,Flying,345,45,20,50,60,120,50,4,False
snover,Grass,Ice,334,60,62,50,62,60,40,4,False
abomasnow,Grass,Ice,494,90,92,75,92,85,60,4,False
mega abomasnow,Grass,Ice,594,90,132,105,132,105,30,4,False
weavile,Dark,Ice,510,70,120,65,45,85,125,4,False
magnezone,Electric,Steel,535,70,70,115,130,90,60,4,False
lickilicky,Normal,Normal,515,110,85,95,80,95,50,4,False
rhyperior,Ground,Rock,535,115,140,130,55,55,40,4,False
tangrowth,Grass,Grass,535,100,100,125,110,50,50,4,False
electivire,Electric,Electric,540,75,123,67,95,85,95,4,False
magmortar,Fire,Fire,540,75,95,67,125,95,83,4,False
togekiss,Fairy,Flying,545,85,50,95,120,115,80,4,False
yanmega,Bug,Flying,515,86,76,86,116,56,95,4,False
leafeon,Grass,Grass,525,65,110,130,60,65,95,4,False
glaceon,Ice,Ice,525,65,60,110,130,95,65,4,False
gliscor,Ground,Flying,510,75,95,125,45,75,95,4,False
mamoswine,Ice,Ground,530,110,130,80,70,60,80,4,False
porygon-z,Normal,Normal,535,85,80,70,135,75,90,4,False
gallade,Psychic,Fighting,518,68,125,65,65,115,80,4,False
mega gallade,Psychic,Fighting,618,68,165,95,65,115,110,4,False
probopass,Rock,Steel,525,60,55,145,75,150,40,4,False
dusknoir,Ghost,Ghost,525,45,100,135,65,135,45,4,False
froslass,Ice,Ghost,480,70,80,70,80,70,110,4,False
rotom,Electric,Ghost,440,50,50,77,95,77,91,4,False
rotomheat rotom,Electric,Fire,520,50,65,107,105,107,86,4,False
rotomwash rotom,Electric,Water,520,50,65,107,105,107,86,4,False
rotomfrost rotom,Electric,Ice,520,50,65,107,105,107,86,4,False
rotomfan rotom,Electric,Flying,520,50,65,107,105,107,86,4,False
rotommow rotom,Electric,Grass,520,50,65,107,105,107,86,4,False
uxie,Psychic,Psychic,580,75,75,130,75,130,95,4,True
mesprit,Psychic,Psychic,580,80,105,105,105,105,80,4,True
azelf,Psychic,Psychic,580,75,125,70,125,70,115,4,True
dialga,Steel,Dragon,680,100,120,120,150,100,90,4,True
palkia,Water,Dragon,680,90,120,100,150,120,100,4,True
heatran,Fire,Steel,600,91,90,106,130,106,77,4,True
regigigas,Normal,Normal,670,110,160,110,80,110,100,4,True
giratinaaltered forme,Ghost,Dragon,680,150,100,120,100,120,90,4,True
giratinaorigin forme,Ghost,Dragon,680,150,120,100,120,100,90,4,True
cresselia,Psychic,Psychic,600,120,70,120,75,130,85,4,True
phione,Water,Water,480,80,80,80,80,80,80,4,True
manaphy,Water,Water,600,100,100,100,100,100,100,4,True
darkrai,Dark,Dark,600,70,90,90,135,90,125,4,True
shayminland forme,Grass,Grass,600,100,100,100,100,100,100,4,True
shayminsky forme,Grass,Flying,600,100,103,75,120,75,127,4,True
arceus,Normal,Normal,720,120,120,120,120,120,120,4,True
victini,Psychic,Fire,600,100,100,100,100,100,100,5,True
snivy,Grass,Grass,308,45,45,55,45,55,63,5,False
servine,Grass,Grass,413,60,60,75,60,75,83,5,False
serperior,Grass,Grass,528,75,75,95,75,95,113,5,False
tepig,Fire,Fire,308,65,63,45,45,45,45,5,False
pignite,Fire,Fighting,418,90,93,55,70,55,55,5,False
emboar,Fire,Fighting,528,110,123,65,100,65,65,5,False
oshawott,Water,Water,308,55,55,45,63,45,45,5,False
dewott,Water,Water,413,75,75,60,83,60,60,5,False
samurott,Water,Water,528,95,100,85,108,70,70,5,False
patrat,Normal,Normal,255,45,55,39,35,39,42,5,False
watchog,Normal,Normal,420,60,85,69,60,69,77,5,False
lillipup,Normal,Normal,275,45,60,45,25,45,55,5,False
herdier,Normal,Normal,370,65,80,65,35,65,60,5,False
stoutland,Normal,Normal,500,85,110,90,45,90,80,5,False
purrloin,Dark,Dark,281,41,50,37,50,37,66,5,False
liepard,Dark,Dark,446,64,88,50,88,50,106,5,False
pansage,Grass,Grass,316,50,53,48,53,48,64,5,False
simisage,Grass,Grass,498,75,98,63,98,63,101,5,False
pansear,Fire,Fire,316,50,53,48,53,48,64,5,False
simisear,Fire,Fire,498,75,98,63,98,63,101,5,False
panpour,Water,Water,316,50,53,48,53,48,64,5,False
simipour,Water,Water,498,75,98,63,98,63,101,5,False
munna,Psychic,Psychic,292,76,25,45,67,55,24,5,False
musharna,Psychic,Psychic,487,116,55,85,107,95,29,5,False
pidove,Normal,Flying,264,50,55,50,36,30,43,5,False
tranquill,Normal,Flying,358,62,77,62,50,42,65,5,False
unfezant,Normal,Flying,488,80,115,80,65,55,93,5,False
blitzle,Electric,Electric,295,45,60,32,50,32,76,5,False
zebstrika,Electric,Electric,497,75,100,63,80,63,116,5,False
roggenrola,Rock,Rock,280,55,75,85,25,25,15,5,False
boldore,Rock,Rock,390,70,105,105,50,40,20,5,False
gigalith,Rock,Rock,515,85,135,130,60,80,25,5,False
woobat,Psychic,Flying,313,55,45,43,55,43,72,5,False
swoobat,Psychic,Flying,425,67,57,55,77,55,114,5,False
drilbur,Ground,Ground,328,60,85,40,30,45,68,5,False
excadrill,Ground,Steel,508,110,135,60,50,65,88,5,False
audino,Normal,Normal,445,103,60,86,60,86,50,5,False
mega audino,Normal,Fairy,545,103,60,126,80,126,50,5,False
timburr,Fighting,Fighting,305,75,80,55,25,35,35,5,False
gurdurr,Fighting,Fighting,405,85,105,85,40,50,40,5,False
conkeldurr,Fighting,Fighting,505,105,140,95,55,65,45,5,False
tympole,Water,Water,294,50,50,40,50,40,64,5,False
palpitoad,Water,Ground,384,75,65,55,65,55,69,5,False
seismitoad,Water,Ground,509,105,95,75,85,75,74,5,False
throh,Fighting,Fighting,465,120,100,85,30,85,45,5,False
sawk,Fighting,Fighting,465,75,125,75,30,75,85,5,False
sewaddle,Bug,Grass,310,45,53,70,40,60,42,5,False
swadloon,Bug,Grass,380,55,63,90,50,80,42,5,False
leavanny,Bug,Grass,500,75,103,80,70,80,92,5,False
venipede,Bug,Poison,260,30,45,59,30,39,57,5,False
whirlipede,Bug,Poison,360,40,55,99,40,79,47,5,False
scolipede,Bug,Poison,485,60,100,89,55,69,112,5,False
cottonee,Grass,Fairy,280,40,27,60,37,50,66,5,False
whimsicott,Grass,Fairy,480,60,67,85,77,75,116,5,False
petilil,Grass,Grass,280,45,35,50,70,50,30,5,False
lilligant,Grass,Grass,480,70,60,75,110,75,90,5,False
basculin,Water,Water,460,70,92,65,80,55,98,5,False
sandile,Ground,Dark,292,50,72,35,35,35,65,5,False
krokorok,Ground,Dark,351,60,82,45,45,45,74,5,False
krookodile,Ground,Dark,519,95,117,80,65,70,92,5,False
darumaka,Fire,Fire,315,70,90,45,15,45,50,5,False
darmanitanstandard mode,Fire,Fire,480,105,140,55,30,55,95,5,False
darmanitanzen mode,Fire,Psychic,540,105,30,105,140,105,55,5,False
maractus,Grass,Grass,461,75,86,67,106,67,60,5,False
dwebble,Bug,Rock,325,50,65,85,35,35,55,5,False
crustle,Bug,Rock,475,70,95,125,65,75,45,5,False
scraggy,Dark,Fighting,348,50,75,70,35,70,48,5,False
scrafty,Dark,Fighting,488,65,90,115,45,115,58,5,False
sigilyph,Psychic,Flying,490,72,58,80,103,80,97,5,False
yamask,Ghost,Ghost,303,38,30,85,55,65,30,5,False
cofagrigus,Ghost,Ghost,483,58,50,145,95,105,30,5,False
tirtouga,Water,Rock,355,54,78,103,53,45,22,5,False
carracosta,Water,Rock,495,74,108,133,83,65,32,5,False
archen,Rock,Flying,401,55,112,45,74,45,70,5,False
archeops,Rock,Flying,567,75,140,65,112,65,110,5,False
trubbish,Poison,Poison,329,50,50,62,40,62,65,5,False
garbodor,Poison,Poison,474,80,95,82,60,82,75,5,False
zorua,Dark,Dark,330,40,65,40,80,40,65,5,False
zoroark,Dark,Dark,510,60,105,60,120,60,105,5,False
minccino,Normal,Normal,300,55,50,40,40,40,75,5,False
cinccino,Normal,Normal,470,75,95,60,65,60,115,5,False
gothita,Psychic,Psychic,290,45,30,50,55,65,45,5,False
gothorita,Psychic,Psychic,390,60,45,70,75,85,55,5,False
gothitelle,Psychic,Psychic,490,70,55,95,95,110,65,5,False
solosis,Psychic,Psychic,290,45,30,40,105,50,20,5,False
duosion,Psychic,Psychic,370,65,40,50,125,60,30,5,False
reuniclus,Psychic,Psychic,490,110,65,75,125,85,30,5,False
ducklett,Water,Flying,305,62,44,50,44,50,55,5,False
swanna,Water,Flying,473,75,87,63,87,63,98,5,False
vanillite,Ice,Ice,305,36,50,50,65,60,44,5,False
vanillish,Ice,Ice,395,51,65,65,80,75,59,5,False
vanilluxe,Ice,Ice,535,71,95,85,110,95,79,5,False
deerling,Normal,Grass,335,60,60,50,40,50,75,5,False
sawsbuck,Normal,Grass,475,80,100,70,60,70,95,5,False
emolga,Electric,Flying,428,55,75,60,75,60,103,5,False
karrablast,Bug,Bug,315,50,75,45,40,45,60,5,False
escavalier,Bug,Steel,495,70,135,105,60,105,20,5,False
foongus,Grass,Poison,294,69,55,45,55,55,15,5,False
amoonguss,Grass,Poison,464,114,85,70,85,80,30,5,False
frillish,Water,Ghost,335,55,40,50,65,85,40,5,False
jellicent,Water,Ghost,480,100,60,70,85,105,60,5,False
alomomola,Water,Water,470,165,75,80,40,45,65,5,False
joltik,Bug,Electric,319,50,47,50,57,50,65,5,False
galvantula,Bug,Electric,472,70,77,60,97,60,108,5,False
ferroseed,Grass,Steel,305,44,50,91,24,86,10,5,False
ferrothorn,Grass,Steel,489,74,94,131,54,116,20,5,False
klink,Steel,Steel,300,40,55,70,45,60,30,5,False
klang,Steel,Steel,440,60,80,95,70,85,50,5,False
klinklang,Steel,Steel,520,60,100,115,70,85,90,5,False
tynamo,Electric,Electric,275,35,55,40,45,40,60,5,False
eelektrik,Electric,Electric,405,65,85,70,75,70,40,5,False
eelektross,Electric,Electric,515,85,115,80,105,80,50,5,False
elgyem,Psychic,Psychic,335,55,55,55,85,55,30,5,False
beheeyem,Psychic,Psychic,485,75,75,75,125,95,40,5,False
litwick,Ghost,Fire,275,50,30,55,65,55,20,5,False
lampent,Ghost,Fire,370,60,40,60,95,60,55,5,False
chandelure,Ghost,Fire,520,60,55,90,145,90,80,5,False
axew,Dragon,Dragon,320,46,87,60,30,40,57,5,False
fraxure,Dragon,Dragon,410,66,117,70,40,50,67,5,False
haxorus,Dragon,Dragon,540,76,147,90,60,70,97,5,False
cubchoo,Ice,Ice,305,55,70,40,60,40,40,5,False
beartic,Ice,Ice,485,95,110,80,70,80,50,5,False
cryogonal,Ice,Ice,485,70,50,30,95,135,105,5,False
shelmet,Bug,Bug,305,50,40,85,40,65,25,5,False
accelgor,Bug,Bug,495,80,70,40,100,60,145,5,False
stunfisk,Ground,Electric,471,109,66,84,81,99,32,5,False
mienfoo,Fighting,Fighting,350,45,85,50,55,50,65,5,False
mienshao,Fighting,Fighting,510,65,125,60,95,60,105,5,False
druddigon,Dragon,Dragon,485,77,120,90,60,90,48,5,False
golett,Ground,Ghost,303,59,74,50,35,50,35,5,False
golurk,Ground,Ghost,483,89,124,80,55,80,55,5,False
pawniard,Dark,Steel,340,45,85,70,40,40,60,5,False
bisharp,Dark,Steel,490,65,125,100,60,70,70,5,False
bouffalant,Normal,Normal,490,95,110,95,40,95,55,5,False
rufflet,Normal,Flying,350,70,83,50,37,50,60,5,False
braviary,Normal,Flying,510,100,123,75,57,75,80,5,False
vullaby,Dark,Flying,370,70,55,75,45,65,60,5,False
mandibuzz,Dark,Flying,510,110,65,105,55,95,80,5,False
heatmor,Fire,Fire,484,85,97,66,105,66,65,5,False
durant,Bug,Steel,484,58,109,112,48,48,109,5,False
deino,Dark,Dragon,300,52,65,50,45,50,38,5,False
zweilous,Dark,Dragon,420,72,85,70,65,70,58,5,False
hydreigon,Dark,Dragon,600,92,105,90,125,90,98,5,False
larvesta,Bug,Fire,360,55,85,55,50,55,60,5,False
volcarona,Bug,Fire,550,85,60,65,135,105,100,5,False
cobalion,Steel,Fighting,580,91,90,129,90,72,108,5,True
terrakion,Rock,Fighting,580,91,129,90,72,90,108,5,True
virizion,Grass,Fighting,580,91,90,72,90,129,108,5,True
tornadusincarnate forme,Flying,Flying,580,79,115,70,125,80,111,5,True
tornadustherian forme,Flying,Flying,580,79,100,80,110,90,121,5,True
thundurusincarnate forme,Electric,Flying,580,79,115,70,125,80,111,5,True
thundurustherian forme,Electric,Flying,580,79,105,70,145,80,101,5,True
reshiram,Dragon,Fire,680,100,120,100,150,120,90,5,True
zekrom,Dragon,Electric,680,100,150,120,120,100,90,5,True
landorusincarnate forme,Ground,Flying,600,89,125,90,115,80,101,5,True
landorustherian forme,Ground,Flying,600,89,145,90,105,80,91,5,True
kyurem,Dragon,Ice,660,125,130,90,130,90,95,5,True
kyuremblack kyurem,Dragon,Ice,700,125,170,100,120,90,95,5,True
kyuremwhite kyurem,Dragon,Ice,700,125,120,90,170,100,95,5,True
keldeoordinary forme,Water,Fighting,580,91,72,90,129,90,108,5,True
keldeoresolute forme,Water,Fighting,580,91,72,90,129,90,108,5,True
meloettaaria forme,Normal,Psychic,600,100,77,77,128,128,90,5,True
meloettapirouette forme,Normal,Fighting,600,100,128,90,77,77,128,5,True
genesect,Bug,Steel,600,71,120,95,120,95,99,5,True
chespin,Grass,Grass,313,56,61,65,48,45,38,6,False
quilladin,Grass,Grass,405,61,78,95,56,58,57,6,False
chesnaught,Grass,Fighting,530,88,107,122,74,75,64,6,False
fennekin,Fire,Fire,307,40,45,40,62,60,60,6,False
braixen,Fire,Fire,409,59,59,58,90,70,73,6,False
delphox,Fire,Psychic,534,75,69,72,114,100,104,6,False
froakie,Water,Water,314,41,56,40,62,44,71,6,False
frogadier,Water,Water,405,54,63,52,83,56,97,6,False
greninja,Water,Dark,530,72,95,67,103,71,122,6,False
bunnelby,Normal,Normal,237,38,36,38,32,36,57,6,False
diggersby,Normal,Ground,423,85,56,77,50,77,78,6,False
fletchling,Normal,Flying,278,45,50,43,40,38,62,6,False
fletchinder,Fire,Flying,382,62,73,55,56,52,84,6,False
talonflame,Fire,Flying,499,78,81,71,74,69,126,6,False
scatterbug,Bug,Bug,200,38,35,40,27,25,35,6,False
spewpa,Bug,Bug,213,45,22,60,27,30,29,6,False
vivillon,Bug,Flying,411,80,52,50,90,50,89,6,False
litleo,Fire,Normal,369,62,50,58,73,54,72,6,False
pyroar,Fire,Normal,507,86,68,72,109,66,106,6,False
flabébé,Fairy,Fairy,303,44,38,39,61,79,42,6,False
floette,Fairy,Fairy,371,54,45,47,75,98,52,6,False
florges,Fairy,Fairy,552,78,65,68,112,154,75,6,False
skiddo,Grass,Grass,350,66,65,48,62,57,52,6,False
gogoat,Grass,Grass,531,123,100,62,97,81,68,6,False
pancham,Fighting,Fighting,348,67,82,62,46,48,43,6,False
pangoro,Fighting,Dark,495,95,124,78,69,71,58,6,False
furfrou,Normal,Normal,472,75,80,60,65,90,102,6,False
espurr,Psychic,Psychic,355,62,48,54,63,60,68,6,False
meowsticmale,Psychic,Psychic,466,74,48,76,83,81,104,6,False
meowsticfemale,Psychic,Psychic,466,74,48,76,83,81,104,6,False
honedge,Steel,Ghost,325,45,80,100,35,37,28,6,False
doublade,Steel,Ghost,448,59,110,150,45,49,35,6,False
aegislashblade forme,Steel,Ghost,520,60,150,50,150,50,60,6,False
aegislashshield forme,Steel,Ghost,520,60,50,150,50,150,60,6,False
spritzee,Fairy,Fairy,341,78,52,60,63,65,23,6,False
aromatisse,Fairy,Fairy,462,101,72,72,99,89,29,6,False
swirlix,Fairy,Fairy,341,62,48,66,59,57,49,6,False
slurpuff,Fairy,Fairy,480,82,80,86,85,75,72,6,False
inkay,Dark,Psychic,288,53,54,53,37,46,45,6,False
malamar,Dark,Psychic,482,86,92,88,68,75,73,6,False
binacle,Rock,Water,306,42,52,67,39,56,50,6,False
barbaracle,Rock,Water,500,72,105,115,54,86,68,6,False
skrelp,Poison,Water,320,50,60,60,60,60,30,6,False
dragalge,Poison,Dragon,494,65,75,90,97,123,44,6,False
clauncher,Water,Water,330,50,53,62,58,63,44,6,False
clawitzer,Water,Water,500,71,73,88,120,89,59,6,False
helioptile,Electric,Normal,289,44,38,33,61,43,70,6,False
heliolisk,Electric,Normal,481,62,55,52,109,94,109,6,False
tyrunt,Rock,Dragon,362,58,89,77,45,45,48,6,False
tyrantrum,Rock,Dragon,521,82,121,119,69,59,71,6,False
amaura,Rock,Ice,362,77,59,50,67,63,46,6,False
aurorus,Rock,Ice,521,123,77,72,99,92,58,6,False
sylveon,Fairy,Fairy,525,95,65,65,110,130,60,6,False
hawlucha,Fighting,Flying,500,78,92,75,74,63,118,6,False
dedenne,Electric,Fairy,431,67,58,57,81,67,101,6,False
carbink,Rock,Fairy,500,50,50,150,50,150,50,6,False
goomy,Dragon,Dragon,300,45,50,35,55,75,40,6,False
sliggoo,Dragon,Dragon,452,68,75,53,83,113,60,6,False
goodra,Dragon,Dragon,600,90,100,70,110,150,80,6,False
klefki,Steel,Fairy,470,57,80,91,80,87,75,6,False
phantump,Ghost,Grass,309,43,70,48,50,60,38,6,False
trevenant,Ghost,Grass,474,85,110,76,65,82,56,6,False
pumpkabooaverage size,Ghost,Grass,335,49,66,70,44,55,51,6,False
pumpkaboosmall size,Ghost,Grass,335,44,66,70,44,55,56,6,False
pumpkaboolarge size,Ghost,Grass,335,54,66,70,44,55,46,6,False
pumpkaboosuper size,Ghost,Grass,335,59,66,70,44,55,41,6,False
gourgeistaverage size,Ghost,Grass,494,65,90,122,58,75,84,6,False
gourgeistsmall size,Ghost,Grass,494,55,85,122,58,75,99,6,False
gourgeistlarge size,Ghost,Grass,494,75,95,122,58,75,69,6,False
gourgeistsuper size,Ghost,Grass,494,85,100,122,58,75,54,6,False
bergmite,Ice,Ice,304,55,69,85,32,35,28,6,False
avalugg,Ice,Ice,514,95,117,184,44,46,28,6,False
noibat,Flying,Dragon,245,40,30,35,45,40,55,6,False
noivern,Flying,Dragon,535,85,70,80,97,80,123,6,False
xerneas,Fairy,Fairy,680,126,131,95,131,98,99,6,True
yveltal,Dark,Flying,680,126,131,95,131,98,99,6,True
zygarde50% forme,Dragon,Ground,600,108,100,121,81,95,95,6,True
diancie,Rock,Fairy,600,50,100,150,100,150,50,6,True
mega diancie,Rock,Fairy,700,50,160,110,160,110,110,6,True
hoopahoopa confined,Psychic,Ghost,600,80,110,60,150,130,70,6,True
hoopahoopa unbound,Psychic,Dark,680,80,160,60,170,130,80,6,True
volcanion,Fire,Water,600,80,110,120,130,90,70,6,True
